<?xml version="1.0" encoding="UTF-8" standalone="yes"?>
<addon id="plugin.video.LinekodiWizard" name="Linekodi Wizard" version="0.1.0" provider-name="Linekodi">
  <requires>
    <import addon="xbmc.python" version="2.1.0"/>
  </requires>
  <extension point="xbmc.python.pluginsource" library="default.py">
        <provides>video executable</provides>
  </extension>
  <extension point="xbmc.addon.metadata">
    <summary lang="en">Linekodi Wizard</summary>
    <description lang="en">LineKodi Wizard - linekodi.blogspot.com</description>
	<website>http://linekodi.blogspot.com</website>
    <platform>all</platform>
  </extension>
</addon>
